country,state_iso,state_name
CA,CA-AB,Alberta
CA,CA-BC,British Columbia
CA,CA-MB,Manitoba
CA,CA-NB,New Brunswick / Nouveau-Brunswick
CA,CA-NL,Newfoundland and Labrador
CA,CA-NS,Nova Scotia
CA,CA-NT,Northwest Territories
CA,CA-NU,ᓄᓇᕗᑦ Nunavut
CA,CA-ON,Ontario
CA,CA-PE,Prince Edward Island
CA,CA-QC,Québec
CA,CA-SK,Saskatchewan
CA,CA-YT,Yukon
MX,MX-AGU,Aguascalientes
MX,MX-BCN,Baja California
MX,MX-BCS,Baja California Sur
MX,MX-CAM,Campeche
MX,MX-CHH,Chihuahua
MX,MX-CHP,Chiapas
MX,MX-CMX,Ciudad de México
MX,MX-COA,Coahuila
MX,MX-COL,Colima
MX,MX-DUR,Durango
MX,MX-GRO,Guerrero
MX,MX-GUA,Guanajuato
MX,MX-HID,Hidalgo
MX,MX-JAL,Jalisco
MX,MX-MEX,Estado de México
MX,MX-MIC,Michoacán
MX,MX-MOR,Morelos
MX,MX-NAY,Nayarit
MX,MX-NLE,Nuevo León
MX,MX-OAX,Oaxaca
MX,MX-PUE,Puebla
MX,MX-QUE,Querétaro
MX,MX-ROO,Quintana Roo
MX,MX-SIN,Sinaloa
MX,MX-SLP,San Luis Potosí
MX,MX-SON,Sonora
MX,MX-TAB,Tabasco
MX,MX-TAM,Tamaulipas
MX,MX-TLA,Tlaxcala
MX,MX-VER,Veracruz
MX,MX-YUC,Yucatán
MX,MX-ZAC,Zacatecas
US,US-AK,Alaska
US,US-AL,Alabama
US,US-AR,Arkansas
US,US-AZ,Arizona
US,US-CA,California
US,US-CO,Colorado
US,US-CT,Connecticut
US,US-DC,District of Columbia
US,US-DE,Delaware
US,US-FL,Florida
US,US-GA,Georgia
US,US-HI,Hawaii
US,US-IA,Iowa
US,US-ID,Idaho
US,US-IL,Illinois
US,US-IN,Indiana
US,US-KS,Kansas
US,US-KY,Kentucky
US,US-LA,Louisiana
US,US-MA,Massachusetts
US,US-MD,Maryland
US,US-ME,Maine
US,US-MI,Michigan
US,US-MN,Minnesota
US,US-MO,Missouri
US,US-MS,Mississippi
US,US-MT,Montana
US,US-NC,North Carolina
US,US-ND,North Dakota
US,US-NE,Nebraska
US,US-NH,New Hampshire
US,US-NJ,New Jersey
US,US-NM,New Mexico
US,US-NV,Nevada
US,US-NY,New York
US,US-OH,Ohio
US,US-OK,Oklahoma
US,US-OR,Oregon
US,US-PA,Pennsylvania
US,US-PR,Puerto Rico
US,US-RI,Rhode Island
US,US-SC,South Carolina
US,US-SD,South Dakota
US,US-TN,Tennessee
US,US-TX,Texas
US,US-UT,Utah
US,US-VA,Virginia
US,US-VI,United States Virgin Islands
US,US-VT,Vermont
US,US-WA,Washington
US,US-WI,Wisconsin
US,US-WV,West Virginia
US,US-WY,Wyoming
